{"schemaVersion":"1.0","appDefinitionTemplate":{"id":"/providers/Microsoft.PowerApps/apps/","type":"Microsoft.PowerApps/apps","tags":{"primaryDeviceWidth":"1366","primaryDeviceHeight":"768","supportsPortrait":"true","supportsLandscape":"true","primaryFormFactor":"Tablet","showStatusBar":"false","publisherVersion":"3.24023.13","minimumRequiredApiVersion":"2.2.0","hasComponent":"false","hasUnlockedComponent":"false","isUnifiedRootApp":"false","offlineLargeFilesSupport":"false","sienaVersion":"20240301T083457Z-3.24023.13.0"},"properties":{"appVersion":"2024-03-01T08:34:57Z","lifeCycleId":"Published","createdByClientVersion":{"major":3,"minor":24023,"build":13,"revision":0,"majorRevision":0,"minorRevision":0},"minClientVersion":{"major":3,"minor":24023,"build":13,"revision":0,"majorRevision":0,"minorRevision":0},"backgroundColor":"RGBA(0,176,240,1)","backgroundImageUri":"/9305590947642505022/N3779e2f1-d329-4870-ac43-ac2110c8441e-logoSmallFile","displayName":"CheckLocale","description":"","commitMessage":"","appUris":{"documentUri":{"value":"/9305590947642505022/Nf62c8dc7-e92e-483f-bbdf-7f0db5dc03e6-document.msapp"},"imageUris":[],"additionalUris":[{"isSolutionAware":false,"value":"/9305590947642505022/Nc0aac0b8-ecc1-47db-8a59-847e0033dff0-identity.json"}]},"createdTime":"0001-01-01T00:00:00Z","lastModifiedTime":"0001-01-01T00:00:00Z","sharedGroupsCount":0,"sharedUsersCount":0,"connectionReferences":{},"databaseReferences":{},"almMode":"Environment","performanceOptimizationEnabled":true,"canConsumeAppPass":true,"enableModernRuntimeMode":false,"executionRestrictions":{"isTeamsOnly":false,"dataLossPreventionEvaluationResult":{"status":"Compliant","lastEvaluationDate":"2024-02-29T04:41:21.4912503Z","violations":[],"violationsByPolicy":[],"violationErrorMessage":"The app uses the following connectors: ."}}},"appType":"ClassicCanvasApp","appComponents":[]}}